,individual,A,C,D,E,F,G,H,I,K,L,M,N,P,Q,R,S,T,U,V,W,Y,diet
0,HG00097,0.07111529788557526,0.020274686524030944,0.0493368163597973,0.0697714963405981,0.036098254636402316,0.06968468374746288,0.025142648874628984,0.04518416107825545,0.061352827184825445,0.09588486784755709,0.024790376285956376,0.03560607745548702,0.05989997180384372,0.04768737709022842,0.05465390832446673,0.07918025953378051,0.05142175351393701,2.869837789593538e-06,0.06265501608185352,0.01257634665344628,0.02768030294007707,Cereals
1,HG00100,0.07111943714600999,0.020274022531953272,0.049340127454342735,0.06976410471288333,0.03609460493028181,0.06969379101333521,0.02515364978324726,0.04518731426062275,0.061350137829200846,0.09589784136942388,0.024789884011095213,0.035601691546714845,0.05988215997945118,0.04767771070074059,0.05465670412425722,0.07919331531963317,0.05141294661755231,2.8699469203317085e-06,0.0626545287044916,0.01257467243143338,0.02767848558640908,Cereals
2,HG00101,0.0711059036920856,0.020272820286165692,0.04933638890523183,0.06976921056898786,0.03609717177833997,0.06969387359747671,0.025151068565254016,0.04517922306775018,0.06135012462887573,0.0959010947538203,0.024790886091934066,0.035602100251266734,0.05988786988659275,0.047676105552119555,0.054670246488220886,0.07917628707834615,0.05141999428874006,2.869979867091232e-06,0.06266314041806997,0.012577686767527326,0.027675933353327527,Cereals
3,HG00105,0.07111369408928495,0.020270638713102876,0.04934134056567222,0.06977413290857692,0.03610572990658229,0.06969305609367601,0.02514887999196407,0.04518489818761032,0.0613529065679395,0.09588875973998019,0.024776500638569603,0.03559774419906152,0.05988491397247693,0.04767890711323489,0.054660840615896794,0.0791869358703919,0.051417768019860234,2.8699757487049234e-06,0.06266735546084636,0.012577668718699328,0.0276744586508244,Cereals
4,HG00106,0.0711030337122185,0.020261340366697328,0.049344281349866334,0.06977423303375527,0.0360964542833732,0.06968669864780899,0.025148198585386923,0.04518711551238468,0.06135012462887573,0.09589678978401966,0.02479734354663502,0.035598512776432875,0.05988141243189179,0.0476854329866876,0.054655179093918656,0.07919494194748224,0.051425016753507476,2.869979867091232e-06,0.06265237799356838,0.012582709232294735,0.027675933353327527,Cereals
5,HG00112,0.07110436666810166,0.020268486231291346,0.04933918808386069,0.06977054543889104,0.03609353250965029,0.06969377358761318,0.025147445004089716,0.04518920315123337,0.06135362406187668,0.09587440986123667,0.024784393071878543,0.03560204916268458,0.05990141633303198,0.04767531964354901,0.0546637105916455,0.07919267582188931,0.05143642286222681,2.8699757487049234e-06,0.06264941811241695,0.01257910370657368,0.02767804612051028,Cereals
6,HG00113,0.07112025359142106,0.020269950306298603,0.049339976380065695,0.06976777557905431,0.036097889273306746,0.06969243860754316,0.025143893615586287,0.045184963027484364,0.061358017073510226,0.09589463729911935,0.02479447356676793,0.03559277281669869,0.05988571740169243,0.04768830296655469,0.05465589658888543,0.0791906369776816,0.05142142927867361,2.869979867091232e-06,0.06264305055900032,0.012577686767527326,0.027677368343261073,Cereals
7,HG00117,0.07110738970121336,0.020271399840859503,0.04934359925868367,0.06977213061000748,0.03609361020048976,0.06968890113414511,0.025146781638142632,0.04517782049267545,0.06134945115183137,0.09588179118442001,0.024799513825061688,0.03560786575946538,0.05989580530616608,0.04767470476854672,0.05466741573194943,0.07919571626497682,0.051412856227537905,2.869981926288819e-06,0.0626603153966638,0.01257769579196075,0.027672365733276794,Cereals
8,HG00118,0.07110140123549796,0.020274507271644534,0.04933740861117688,0.06976832619442232,0.036097060490611795,0.06968940356012829,0.02514116389361229,0.04518464309032337,0.06135589085717156,0.09589674049520365,0.02478529456079554,0.03560343528702727,0.05989582212273187,0.047677880855521354,0.05467473112493453,0.07918738385816886,0.05141450885009722,2.8699139743286195e-06,0.06265883180151675,0.012577397992495175,0.02767529793294446,Cereals
9,HG00120,0.07110177146387013,0.02027307706380814,0.04933997886382665,0.06977017819386878,0.0360936391310493,0.0696955630537394,0.025151759303037195,0.04517946734834293,0.061349429158305345,0.09588404233261277,0.024780118508931217,0.035595009108069266,0.059897303738864226,0.047689118888464,0.05466563449056154,0.07918962218193323,0.05142561552109707,2.869813081899443e-06,0.0626638035498153,0.01257552092488336,0.02767647736183823,Cereals
10,HG00125,0.07111451363168687,0.020275690266032785,0.049342128864966014,0.06976777557905431,0.036100041758207066,0.06969100361760962,0.025143893615586287,0.04517563559291632,0.06135729957854345,0.09588817984441839,0.02478442863723311,0.035594207806632236,0.0598943273412937,0.04767108308735214,0.05467670394292184,0.07918130954311356,0.051432909198141974,2.869979867091232e-06,0.06265955294323611,0.012576969272560553,0.02766947589862657,Cereals
11,HG00129,0.07111154160747342,0.020264898761605466,0.049342058059609395,0.0697655229813308,0.036096402485399,0.06969018611792731,0.02515605493133583,0.04518418069367314,0.0613529065679395,0.09590741458234678,0.024791568011250306,0.03559774419906152,0.05988132650279105,0.04768321207685795,0.05465151319471351,0.0792020032430726,0.051405570622928234,2.8699757487049234e-06,0.0626601805214746,0.012578386212636503,0.0276744586508244,Cereals
12,HG00131,0.07111020866188623,0.020271385296232146,0.04933854139013215,0.06977423303375527,0.03609860676827352,0.0696967435773438,0.025146046100486603,0.04517563559291632,0.06134223218424123,0.09587454744004971,0.024793756071801155,0.03560784021100092,0.05990293728089498,0.04767825803701987,0.05466020155868607,0.07919207196761514,0.051417841803839744,2.869979867091232e-06,0.0626624229231032,0.012577686767527326,0.027675933353327527,Cereals
13,HG00132,0.0711146156804445,0.020275719361485964,0.04934004718253672,0.06977218067123185,0.036095788585499694,0.0696903861276454,0.02514679968085778,0.04517928789957352,0.0613559526337843,0.0958875999471923,0.024780159226711514,0.035598563860013664,0.05988939081719924,0.04767832645493838,0.05466530246761223,0.07918572814363696,0.05142724303598386,2.869983985489361e-06,0.06266681781915658,0.012574834832421635,0.02767238558808842,Cereals
14,HG00136,0.07110810719669493,0.02027068234537793,0.04933570680838637,0.06977141311452591,0.03609361020048976,0.06969105362058982,0.025149651620068922,0.04517925548363859,0.061353038629239236,0.09587892120249372,0.02479736133861697,0.03560499577753909,0.05990082777453709,0.04767900974143615,0.054663110759059996,0.07919141129208739,0.05142146617331678,2.869981926288819e-06,0.06265314044184807,0.01257769579196075,0.027676670706166227,Cereals
15,HG00403,0.07110299250743123,0.020267172532844113,0.04934204154024197,0.06976634062309646,0.03609964549667415,0.06968957103016901,0.025149575148463065,0.04518141659270718,0.061356841569801854,0.09589239629468331,0.02479155620574538,0.03559669704207476,0.05988530479322074,0.04768037446342001,0.05466353752849264,0.07919321615088741,0.05141769044060724,2.8698913243902735e-06,0.06266694695938602,0.012573711364984886,0.02768010182374419,Cereals
16,HG00404,0.07110402585131334,0.020265214156521265,0.049341484570786555,0.0697638212189979,0.036107322553821625,0.06969351069760234,0.025147490667713192,0.0451759449052494,0.061355256823528485,0.09586337374275102,0.02480239514943497,0.03559721254655382,0.059894519868820655,0.047684882592191086,0.054669300202250366,0.0791933230833029,0.05142138458635531,2.8698171998189147e-06,0.06266317601234596,0.012579843695406212,0.027673647257853793,Cereals
17,HG00409,0.07110438295033039,0.020266033390490813,0.049343167289659276,0.06976847633465107,0.03609745948156492,0.06969314325481953,0.02514546458986519,0.04518191145134559,0.061354847504322685,0.09589255350442313,0.024796780048930628,0.0355859119966136,0.05988262388704343,0.04768081732804328,0.05465450814673449,0.07920735250859155,0.051417338087687704,2.869831612630129e-06,0.06266492563548834,0.012576319584448383,0.027683113193333383,Cereals
18,HG00410,0.071108021256858,0.020273939973124006,0.04934248523291211,0.06977211368272124,0.036103942505752225,0.06968745358940859,0.02515050483961576,0.04517692165856298,0.061349151856531274,0.09587970805182058,0.02478675342173856,0.03559382957062266,0.05988481922558973,0.04768587374597237,0.05466100448483257,0.0791923427097974,0.051425984478504584,2.8698336716149776e-06,0.06267071026230997,0.01257561114901683,0.02767595847063694,Cereals
19,HG00422,0.07109716069090452,0.020271554893907053,0.04934622352160422,0.0697684429537424,0.036111420013272826,0.06969598048535505,0.025148063781321183,0.04517783796387638,0.061352034868078845,0.09588578193101717,0.024778576937563898,0.03559270353164852,0.05987839219414202,0.04769178340179004,0.05465391996843219,0.07918354169282371,0.051434721001560456,2.869800728211935e-06,0.0626757304539666,0.01257833659175291,0.027674923322511792,Cereals
20,HG00428,0.07112338792129289,0.020270129683772488,0.049345841330200355,0.0697673584330326,0.03609693099675342,0.06968915355778371,0.025144661082312426,0.04518735089953543,0.06135423579846101,0.09587845957920037,0.02479022797797349,0.03558465319007731,0.05989560725368155,0.04768488457606142,0.054655163136087245,0.07920216677727754,0.05141360693081738,2.8699036788577782e-06,0.06265860702050187,0.0125766353966745,0.027678068554824128,Cereals
21,HG00442,0.07111687961336685,0.020265810288023326,0.04934293602415309,0.0697665909012639,0.03611412450781187,0.06968982103293499,0.025149665369471136,0.045181578675483,0.06135562672911572,0.09587480341173904,0.02478949271618969,0.03559467231463306,0.05988695457519716,0.04769274259278392,0.05465799382397171,0.07918991286978683,0.0514114176166041,2.869901619772474e-06,0.06266860672016163,0.012574473947033095,0.02767302636865608,Cereals
22,HG00446,0.07110992174070259,0.020265771673405902,0.049336073030531745,0.06976614044200576,0.03610345035398916,0.06969009088639344,0.025152314345815982,0.04517917562281716,0.061356924957742275,0.09587409637344063,0.024794307475527827,0.03559836651294134,0.05988472035286994,0.047685941163472106,0.05466312916658297,0.07920489472158689,0.05141739152894044,2.8697945514080648e-06,0.06266196402999509,0.012574722275632288,0.02767773355105508,Cereals
23,HG00458,0.0711033181978952,0.020266038386953057,0.0493364106412485,0.06976674111226458,0.03609475563884152,0.0696921281133888,0.025148167784546357,0.04518175798269409,0.061359147517790535,0.09589779167046308,0.024788016578434404,0.03559829222324496,0.05987621416513435,0.047682728310395814,0.05465473910919254,0.07920959006614012,0.051419117715636946,2.8697307259916534e-06,0.06266630986347974,0.01258089950274741,0.027674965688782006,Cereals
24,HG00472,0.07111574452086541,0.020267022160485943,0.049344139733178735,0.06977044531914801,0.036097068180481036,0.0696886511276836,0.025151713875308342,0.04518268086919961,0.06135353602029644,0.09589364459132321,0.024786509985348794,0.03559482314517321,0.05988554553138242,0.04767309875141884,0.05467295955779477,0.07919758463187591,0.051406931842478736,2.869971630330434e-06,0.06266224308372711,0.012576215684107963,0.027676571417091542,Cereals
25,HG00473,0.07109618152363105,0.0202761941796611,0.04934919020061673,0.06976385455035938,0.03610771113831089,0.06968708611409655,0.025145608917191968,0.04518575809189541,0.061354482200484714,0.0958687101898261,0.024780420748427682,0.03558683371095751,0.059910948613935124,0.04768324338751128,0.054681367941788,0.07919919759047554,0.051411176049395824,2.8698480845916423e-06,0.06266313292705851,0.012572086996574836,0.027673945079717203,Cereals
26,HG00478,0.07111611810448808,0.02026971790484577,0.04933976051528368,0.06977584700973974,0.036099832627462004,0.0696883600789964,0.02516181496657569,0.04517839445705754,0.06133981214691494,0.09590001821449214,0.024778163262086463,0.03559499001071356,0.05990058042558806,0.04768754831501606,0.0546513645809878,0.07919718550241163,0.051422236309371,2.868423958797958e-06,0.0626614384859311,0.012569433787452653,0.02766451487062691,Cereals
27,HG00500,0.07111893620776492,0.02027111377049604,0.04934546127653346,0.06976508925919389,0.03609971545537901,0.06969262580301706,0.0251519938929808,0.04517845381638478,0.0613449791434389,0.0958842191811486,0.024797568671680276,0.03559318872210336,0.05988351320054584,0.04768454146416359,0.05466686181577637,0.07920040522138662,0.051403136447970524,2.8698398485872494e-06,0.06266654039371333,0.012576355676471475,0.027672430740002554,Cereals
28,HG00524,0.07111915816646648,0.020263521144434686,0.04933402649552731,0.06976892601688686,0.0360905652259649,0.06969220013265691,0.025162504705734723,0.04517290213864439,0.06133553233063837,0.09589014574332683,0.024783894734955094,0.035601527347041216,0.05989279888137963,0.047684778516752416,0.05466468278866321,0.07921839987092842,0.051417815463492465,2.8682573543911228e-06,0.06266568667873725,0.012572289048634888,0.027665776311779574,Cereals
29,HG00531,0.07110391404076837,0.020273687971605215,0.04934290062183549,0.06976725832037693,0.03610620637304246,0.06969407588157933,0.025152517224778424,0.04518298120861515,0.061351277858653144,0.09586755987507327,0.02478517008101009,0.03559679920101996,0.05988906403248152,0.047687686050207456,0.054662259457574636,0.07919416090235382,0.05142142537866531,2.8698995606901247e-06,0.06266784428211973,0.012577334824724472,0.027673006513954528,Cereals
30,HG00554,0.0711001127183784,0.02027137075162566,0.04933922348445441,0.06976700802661043,0.03610432082333923,0.06969095361470118,0.025145310563886063,0.045179908146360255,0.06135582056611747,0.0959031784286728,0.02479015081015886,0.035587724817917846,0.05988065197285862,0.047679658817038194,0.05466877227371839,0.07919488512555077,0.05143645976757485,2.8699778078966006e-06,0.06264731057967095,0.012576960248654878,0.02767734848490284,Cereals
31,HG00637,0.07110446870215205,0.020269950306298603,0.04933495391529828,0.06976992806395463,0.03609286680853934,0.06969889606224412,0.02515178606022079,0.04519285547211886,0.06135442959867637,0.09589822477395321,0.024793756071801155,0.03560640522106737,0.05987567247215761,0.04767251807728569,0.054665224023453474,0.07918991948271482,0.05141568931893943,2.869979867091232e-06,0.0626516604986016,0.012574816787660235,0.027683108302995255,Cereals
32,HG00732,0.07110662118705237,0.020265645336497964,0.0493449988448331,0.06976921056898786,0.03610291173807416,0.06968167618304158,0.025146763595453377,0.045182810542584044,0.06135227711377605,0.09588243988468421,0.024795908556701475,0.035594207806632236,0.0598943273412937,0.047676105552119555,0.054672398973121206,0.07919565944244901,0.05141497182397266,2.869979867091232e-06,0.06266601039793705,0.012574816787660235,0.027677368343261073,Cereals
33,HG00737,0.07111159262960999,0.02027137075162566,0.04933994097890638,0.06976485554325451,0.03609642838436752,0.06969597607586499,0.02515105051950186,0.04518062564081223,0.0613522330938576,0.09588452357292147,0.02479373828241873,0.03560063971805338,0.059882086961762566,0.04768539877265399,0.054658009856938784,0.07919201514774286,0.051424262361891286,2.8699778078966006e-06,0.06265735550199858,0.012577677743106851,0.02767734848490284,Cereals
34,HG00740,0.07110186364370145,0.02026510735233449,0.049339384046922924,0.06977022833671145,0.03609764847267313,0.06968484870226543,0.025149683413750425,0.045180893616258,0.06134921346702301,0.09590213628455095,0.024799555164929776,0.03560474251582931,0.0598834101630464,0.0476791447687037,0.054663055371204104,0.07919929687359868,0.05141145450305824,2.8699036788577782e-06,0.06265932449642159,0.012579505300353356,0.0276766336029847,Cereals
35,HG01052,0.07111599964699222,0.02026709486797007,0.04933785929483109,0.06977500059193377,0.036097197677897624,0.06968890113414511,0.0251553915839215,0.04519360539327004,0.061353038629239236,0.09589398860760674,0.024775836474169803,0.035595668336278655,0.0598800204055715,0.04768331471432559,0.0546602407771337,0.07919141129208739,0.05142505365072463,2.869981926288819e-06,0.06265601042377436,0.012576978296479177,0.02767451821972151,Cereals
36,HG01058,0.07108719781824287,0.020270653257173688,0.04934281095671428,0.06977561796003412,0.036106473306695155,0.06967516873675775,0.025158942958473575,0.04518708309088,0.06134864562159773,0.09590102594531688,0.024778670898927276,0.035594899762437585,0.05989428436744613,0.04768396378375004,0.05465370489022694,0.0792049300478784,0.05141421743956365,2.8699778078966006e-06,0.06266955290768214,0.012574807765298955,0.027674478507094945,Cereals
37,HG01060,0.07111087513515801,0.020264195807105922,0.04933850599000243,0.06977059549887031,0.03609642838436752,0.0696931060980571,0.02515105051950186,0.04518062564081223,0.06135295058830958,0.09588237108956554,0.02479517327132268,0.03560494468476522,0.05988997940073428,0.047682528794846094,0.054658009856938784,0.07919058015883892,0.05141923990072747,2.8699778078966006e-06,0.06266309545761438,0.012576960248654878,0.02767591349599889,Cereals
38,HG01064,0.07111159262960999,0.020272088246077638,0.049340658473358355,0.06976557303770649,0.036106473306695155,0.06968951862579723,0.02514961553059791,0.045179908146360255,0.06135582056611747,0.09589743847305701,0.024790868304610834,0.035601357212505354,0.05988639192847441,0.04768181130039412,0.054651552406871015,0.079188427675483,0.05140919497839983,2.8699778078966006e-06,0.0626623779631624,0.012576960248654878,0.027679500968258764,Cereals
39,HG01072,0.07110651914991319,0.020269203725228523,0.049342775553546575,0.0697719804267654,0.036091380027838765,0.06968946862399013,0.02514314004046666,0.04518489818761032,0.06135649403762538,0.09588875973998019,0.024780088108255487,0.035604201644496104,0.05989137141791152,0.04767818961929772,0.05465868813408527,0.07919698078551236,0.051417768019860234,2.8699757487049234e-06,0.06267094293053224,0.012578386212636503,0.027675893638698754,Cereals
40,HG01112,0.07109744678866499,0.02026568895808744,0.04934725754896017,0.06976720825694985,0.0361029894492138,0.06969043613025432,0.02515399268871055,0.045179320315554966,0.06135527915995508,0.09587547130552078,0.024791656950568078,0.0355914144367473,0.05989086878065055,0.04767836066397127,0.054652426752574916,0.07920587486143349,0.051426562438340144,2.8699860446928575e-06,0.0626675802788909,0.012579148833888795,0.02767814541501792,Roots and Tubers
41,HG01119,0.07110323777707941,0.020267855989736922,0.04934011798521095,0.06976582332066233,0.03609799287381954,0.06969981359427266,0.025152575742573548,0.04517217776132318,0.06135675817623736,0.0958870200483019,0.02479597972066406,0.03559717994968911,0.059881584290833116,0.047681264861157154,0.05466251092389222,0.07919516923602352,0.05141798937243405,2.8699881038993095e-06,0.06266475525458946,0.012575570374260799,0.027681752759134814,Roots and Tubers
42,HG01121,0.07110949116691946,0.020266362831464737,0.04934141136999924,0.06977208054885495,0.03609573678840643,0.06968813363774252,0.025151068565254016,0.045182810542584044,0.061347254649008635,0.09588459236958453,0.02478945110200052,0.03560353524120028,0.059895762331227245,0.04768256300682051,0.05466020155868607,0.07919422445251546,0.05141066685417202,2.869979867091232e-06,0.06266816288283737,0.012577686767527326,0.027675933353327527,Roots and Tubers
43,HG01122,0.07110887571247353,0.020270696889511358,0.04934435215851495,0.06976787569525363,0.03609220110551783,0.0696932561116309,0.025153974640821503,0.04518144038756264,0.06135451764179156,0.09589692739514513,0.024788769178667982,0.03560215133999552,0.05988293335323189,0.04767904395093475,0.05465812750764851,0.07918788063162607,0.051422220564009254,2.869983985489361e-06,0.06266251284317834,0.012574834832421635,0.027674538076077535,Roots and Tubers
44,HG01124,0.07110073477025246,0.02027595677619462,0.04933600905171517,0.06977268112578196,0.036108566053628686,0.06968873608180409,0.025151226637986638,0.04518682794638136,0.061353064962701855,0.09588532963496821,0.024792487133807682,0.035597720999677854,0.05987721064250963,0.04767719758439167,0.05466759556282282,0.0791960504215548,0.0514152632179364,2.8699160334316517e-06,0.06266102919493832,0.012575972058497498,0.02767747022641485,Roots and Tubers
45,HG01130,0.07111006199736111,0.02027236938115283,0.04934246636279039,0.06976837625173181,0.03610641361660361,0.06969447591387094,0.02514405184790306,0.045185392988364645,0.061348760088651706,0.0958752849288512,0.024787464780749176,0.035597003520669496,0.05990303988681051,0.047682937416458536,0.05465324598265566,0.07918672319444614,0.05142028557099491,2.8699160334316517e-06,0.0626581592789049,0.01257884197453093,0.027681775100465,Roots and Tubers
46,HG01131,0.07111246319245539,0.020269979393514985,0.04934004718253672,0.06977505065521734,0.03609148360952146,0.06969182111963815,0.025154692136817876,0.04517785290758078,0.06134806017782421,0.09588903493918503,0.02479666163462808,0.035594258884035425,0.059888673321202866,0.04768119643892387,0.05466530246761223,0.07919577308758617,0.05141217562006004,2.869983985489361e-06,0.0626582078672001,0.012575552328418007,0.02767884305205577,Roots and Tubers
47,HG01133,0.07110446870215205,0.02026923281133183,0.04933208393543119,0.06976849307402108,0.0360964542833732,0.06969602608237703,0.02514748109042015,0.04518568052245114,0.06135227711377605,0.09587885240985035,0.02480236601140243,0.03560640522106737,0.05989504483626047,0.047681845511853733,0.054663071538553154,0.0791906369776816,0.051417841803839744,2.869979867091232e-06,0.06265237799356838,0.012576969272560553,0.02767952082816139,Roots and Tubers
48,HG01134,0.0711147303395777,0.020274933813558715,0.04934100545993299,0.06976947746791123,0.03610228226633855,0.06969414330709792,0.025152282625072644,0.04518112484664117,0.061354292970964064,0.09588962469238552,0.024787091312177587,0.03560507680497062,0.059879178355419393,0.04768508885843635,0.05465385746776774,0.0791769204829996,0.05142022829838067,2.8698727928884552e-06,0.0626665423055123,0.0125786524512301,0.027670596000832264,Roots and Tubers
49,HG01136,0.07111092615685301,0.02026708032643151,0.049345716339799874,0.06976921056898786,0.03610721670787479,0.06969172111257639,0.025145328605519834,0.045182810542584044,0.06135514709364314,0.0958802873997839,0.024786581122133427,0.03558846784689806,0.059895762331227245,0.04768399799675405,0.05466091905365284,0.07920355188708351,0.051409949359205245,2.869979867091232e-06,0.06266027043820288,0.012574816787660235,0.027677368343261073,Roots and Tubers
50,HG01139,0.07110565508968116,0.020263730555449926,0.04934885286033358,0.06976755865920585,0.036099187025702216,0.06969437590536752,0.025145450723253675,0.045182458237400545,0.06135297692375577,0.09588949691161604,0.024783124343956072,0.035589777660749146,0.059888604369010404,0.04767856412567057,0.05466823459520968,0.07919737173466804,0.051420211785149786,2.8699119152285417e-06,0.0626630917130576,0.0125788239244467,0.02767958294440048,Roots and Tubers
51,HG01140,0.07110959320846989,0.02026495692154038,0.04934435215851495,0.06976428821527175,0.03609220110551783,0.06969899607960188,0.025143212200875918,0.04517785290758078,0.06135523513778793,0.09588401246721043,0.02478733418667524,0.035598563860013664,0.0598929782971811,0.0476804789429275,0.05466458497161586,0.07920223055155352,0.05141719809203465,2.869983985489361e-06,0.06266251284317834,0.012577704816407125,0.02767884305205577,Roots and Tubers
52,HG01142,0.07110595471025022,0.020271399840859503,0.04933785929483109,0.06977141311452591,0.03609863266886077,0.06968961862962668,0.02515252160199521,0.0451842779520096,0.061353756124720805,0.09589972857145933,0.024789468888319677,0.0356021257956128,0.059877867919126776,0.04768116222788087,0.05465593580424427,0.07918854131016109,0.05142361865976149,2.869981926288819e-06,0.06265816291021907,0.012574825810034461,0.02768025818357409,Roots and Tubers
53,HG01148,0.0711063215504401,0.020273760701176376,0.049337337814219256,0.06976894355748287,0.03609844364788502,0.06969002103643925,0.02514615015942349,0.045183143297469024,0.061352932904377475,0.09588655820320684,0.024783106562622868,0.03559692690052606,0.05988927887775045,0.04768139982723143,0.0546667604170553,0.07919372752501844,0.05143093705426713,2.869909856131419e-06,0.06265587197906114,0.012577379944495943,0.027678128129995438,Roots and Tubers
54,HG01250,0.07110662118705237,0.02026923281133183,0.04934356385489956,0.06977136305388817,0.03610865169780834,0.06968813363774252,0.025151068565254016,0.045180658057683724,0.061353712103709594,0.09588459236958453,0.024798778536568564,0.035596360291532556,0.05988930487652629,0.04767825803701987,0.054657331578818975,0.07920068190721642,0.05141066685417202,2.869979867091232e-06,0.06266027043820288,0.012574099292693462,0.027673780868427207,Roots and Tubers
55,HG01251,0.07111451363168687,0.020274972771066012,0.04934715132973342,0.06976921056898786,0.0360964542833732,0.06969243860754316,0.025153938545121105,0.04517778807781663,0.06135227711377605,0.09588172238971744,0.02476936124293088,0.035592055321731916,0.059893609846326926,0.04767825803701987,0.05466091905365284,0.07919422445251546,0.05141712430887297,2.869979867091232e-06,0.06268179528720606,0.012577686767527326,0.02767162838352689,Roots and Tubers
56,HG01253,0.07110021474639763,0.02026781236345164,0.04934144677223895,0.06976280316874704,0.03610652511915806,0.0696917711160714,0.02515108661103207,0.04518284296104645,0.06135806109761024,0.09587389873412272,0.024789468888319677,0.03560356078657595,0.059900110279055514,0.047685467200770305,0.05465163083135484,0.07918782381467952,0.0514207486778352,2.869981926288819e-06,0.06266749035147952,0.01257769579196075,0.027676670706166227,Roots and Tubers
57,HG01254,0.07110595471025022,0.020263507390562208,0.04933785929483109,0.06977069561904434,0.036097915173379194,0.06968818363866354,0.025153239097476784,0.04518212546556488,0.06135519111568395,0.09588107368893845,0.02479736133861697,0.03559997330916809,0.05989150033327665,0.04768403220980716,0.05466239326357842,0.0792014562288294,0.05140855125464847,2.869981926288819e-06,0.06266605536051637,0.012576260800997606,0.02767380072423994,Roots and Tubers
58,HG01256,0.07110616849921975,0.020273717063371062,0.04934081899876235,0.06976520600527344,0.03609262614123514,0.06968843608186401,0.02514681351007157,0.04518735089953543,0.06134993094294273,0.09589424404943409,0.02479883768901006,0.03560115513623074,0.05988771501856469,0.04768488457606142,0.05465444566016753,0.07919499201808039,0.05141288945489767,2.8699036788577782e-06,0.06266075944826102,0.012578787824433642,0.027677351078904414,Roots and Tubers
59,HG01259,0.07110805617698591,0.020274972771066012,0.04933925888509892,0.06976418810422044,0.03609214931357257,0.06970176604211122,0.02515250355518756,0.04518209304761727,0.06135514709364314,0.09588961483435193,0.024781558657366018,0.035596360291532556,0.0598864348966592,0.047684715491720826,0.05465374410398511,0.07919350695754869,0.051425016753507476,2.869979867091232e-06,0.06266601039793705,0.012577686767527326,0.02767234587849366,Roots and Tubers
60,HG01260,0.07111015764070604,0.020272088246077638,0.04934855091233007,0.06976844301551438,0.03609571088991555,0.06969238860360512,0.025151768013953833,0.04518349561862013,0.0613551030716655,0.09589169851744121,0.02477938839337925,0.035591312290177715,0.05988782691737836,0.04767822382813425,0.0546601623402947,0.0791912976532909,0.05142497985634326,2.8699778078966006e-06,0.06265735550199858,0.012577677743106851,0.027679500968258764,Roots and Tubers
61,HG01272,0.07111512907715929,0.020272791194914402,0.04933775309598634,0.06977556789645127,0.03610357742477076,0.06968803363611578,0.02514314004046666,0.045179875730050084,0.061352189074002327,0.09588445477635714,0.0247886980355016,0.03560204916268458,0.059890653923974344,0.047679624607172066,0.05465940562802244,0.07919052334007777,0.05141920300773459,2.8699757487049234e-06,0.0626601805214746,0.012576951224762151,0.027677328626573107,Roots and Tubers
62,HG01275,0.07109442377261724,0.02026708032643151,0.049344281349866334,0.06976849307402108,0.036097889273306746,0.0696838286679419,0.025148198585386923,0.04518424553251759,0.06135514709364314,0.09588961483435193,0.024799496031535338,0.035594207806632236,0.05990724225069561,0.04767825803701987,0.054657331578818975,0.07919494194748224,0.0514164068139062,2.869979867091232e-06,0.06266170542813643,0.012579839252427644,0.02767449836339398,Roots and Tubers
63,HG01277,0.07111615272354696,0.020265703498659,0.04934370547034082,0.06976797581174025,0.03609512288571564,0.06969048613293498,0.025145400772313798,0.04518365771373878,0.06135245319408151,0.09589706500666555,0.024798132211741982,0.035600049937793005,0.05988588927298896,0.0476884398314169,0.0546574884447104,0.07920306170330924,0.051403639431914554,2.8699881038993095e-06,0.06265686278730374,0.012574135380208849,0.027671707800771165,Roots and Tubers
64,HG01280,0.07111025968313965,0.020269964849896356,0.04933785929483109,0.06976854313259963,0.03610006765982391,0.06968603115221882,0.025151804106513638,0.045179972979120166,0.06135088614279451,0.09588250867990158,0.024781576438022382,0.03559925581368651,0.059893652819721366,0.04768187972336244,0.05465450081328113,0.07920504370623727,0.05142361865976149,2.869981926288819e-06,0.06266677285599793,0.012578413287442322,0.02767451821972151,Roots and Tubers
65,HG01281,0.07110959320846989,0.020263521929547633,0.04934435215851495,0.06976859319124999,0.036093636097510574,0.0696982785836055,0.025153257144825133,0.045189332843522736,0.06136025760976254,0.09589477490715602,0.02477585425073328,0.03559354138803905,0.059890825809191986,0.0476804789429275,0.05465023505168841,0.07919362059959706,0.051410740628067296,2.869983985489361e-06,0.06267040529913843,0.012574834832421635,0.027680995540044887,Roots and Tubers
66,HG01284,0.07110738970121336,0.020264942381525354,0.0493428817632021,0.06976495565519177,0.03609361020048976,0.0696996635663687,0.025154674088439927,0.045179972979120166,0.06135590861116552,0.09588250867990158,0.024798796329580115,0.03559495084079708,0.059888630351350364,0.047676857254991434,0.05465593580424427,0.07920073873334783,0.0514207486778352,2.869981926288819e-06,0.06265601042377436,0.012579130782923895,0.027678823192610946,Roots and Tubers
67,HG01342,0.071105801655976,0.0202699212191657,0.04934134056567222,0.0697777203782628,0.03609783747327335,0.06968588115430424,0.025147445004089716,0.045183463199735964,0.06134214415888186,0.09589378219754043,0.024791568011250306,0.035592721741501285,0.05988850144216282,0.04768536455866948,0.054660840615896794,0.07920774319457001,0.05141633303198588,2.8699757487049234e-06,0.06265659305178871,0.012576951224762151,0.027675176144761577,Roots and Tubers
68,HG01344,0.07110795413778753,0.0202699212191657,0.049342775553546575,0.06977269792070256,0.036091380027838765,0.06969664356336189,0.025153184955587125,0.045183463199735964,0.0613529065679395,0.09590310961872373,0.024791568011250306,0.035592721741501285,0.059887066454288464,0.04767818961929772,0.054657253146210914,0.0791804784249573,0.05142279047742047,2.8699757487049234e-06,0.06266161550934894,0.012576233730824974,0.027675176144761577,Roots and Tubers
69,HG01345,0.07110446870215205,0.02026923281133183,0.049348586319666966,0.06977495052872204,0.03609573678840643,0.06969100361760962,0.025153221050154332,0.04518711551238468,0.06134438466914154,0.09589248481421903,0.024785863627166657,0.03558703285696451,0.0598785424520247,0.047676105552119555,0.05466881149828734,0.07919494194748224,0.051420711783706836,2.869979867091232e-06,0.06266959787277092,0.012577686767527326,0.0276766508482943,Roots and Tubers
70,HG01565,0.07111446891768854,0.02026522367081442,0.04934038472714593,0.06976991132664212,0.03609570322729696,0.06968811860232019,0.02514911028887899,0.045183305387485856,0.061343108281369844,0.0958926420269672,0.024791087749961076,0.03559992452110001,0.05987657908387844,0.047686593239759587,0.054667674008639894,0.07919903398487696,0.051418206916938054,2.8699201516465807e-06,0.06265968415093771,0.012577425064591141,0.027678944902555448,Cereals
71,HG01571,0.07111010981851891,0.020267565151382526,0.04934945478183381,0.06976697465980367,0.036099627337392394,0.0696945085000653,0.02514934486286676,0.04518372682697234,0.061351572802661014,0.0958755992807913,0.0247862965774448,0.03558877678557335,0.05990440206808375,0.04769062546188208,0.05465311669060681,0.07919044537271283,0.051401466829870984,2.8699469203317085e-06,0.06267820576658435,0.01257682489162363,0.02767848558640908,Cereals
72,HG01572,0.07110738970121336,0.020264942381525354,0.04934431675416524,0.06976782563711804,0.03609648018241605,0.06968746614318197,0.02515252160199521,0.045181407970083305,0.06135160363827609,0.09589398860760674,0.024782293933503955,0.03559208085887079,0.05989006534231351,0.047686184696251875,0.054664545750023136,0.07919643376045839,0.051422901164279916,2.869981926288819e-06,0.0626653378650348,0.01257410831455289,0.027675235715203084,Cereals
73,HG01577,0.07110478781565059,0.02026922315301897,0.04934107626123915,0.06976599023667875,0.03609300697093102,0.06969926559849848,0.02514514402477278,0.04517401498649723,0.061352946072142964,0.0958904797573232,0.024787126880128112,0.03559723573455934,0.059888591378315786,0.04769161450665381,0.054656088300372795,0.07917846903546306,0.05143106412165982,2.869876910979288e-06,0.06267021957428245,0.012577953031594475,0.027682832683306215,Cereals
74,HG01921,0.07108941152836172,0.020270774440729528,0.049343511888533344,0.06977069551866148,0.03609751897717,0.06968962103057871,0.025148158245921166,0.04518647132259036,0.061356168118354405,0.09588313794142547,0.024780094419492315,0.03559528763506436,0.05991045932643602,0.047684713512892996,0.054659989381394485,0.07919829528333022,0.05141198754466272,2.8698933834608046e-06,0.06267201423467118,0.01257372038628765,0.027675099370058402,Cereals
75,HG01926,0.07110938912566189,0.020263463773731113,0.049345645529295275,0.06976767546314233,0.03609711997933617,0.06969018611792731,0.025146010016215362,0.04518202821186161,0.06135075408612797,0.0958794323187969,0.02478654555369007,0.03560348415055893,0.05988778394822564,0.04768321207685795,0.05467160302495444,0.07919195832795213,0.05141489804411153,2.8699757487049234e-06,0.06267381290628095,0.012574081249013446,0.02767804612051028,Cereals
76,HG01933,0.07111938832148404,0.020266655575141023,0.049335297298305145,0.06977764837664527,0.036089290606099285,0.06969374480981141,0.025157444684601474,0.0451745409327495,0.06133996147607171,0.09591253375863597,0.024790994063643365,0.03560308019316465,0.05989925834983915,0.04768089107022227,0.054644169992929155,0.07920926983817368,0.05141424123207727,2.8684980114137534e-06,0.06265086506728779,0.012569758286015068,0.02766809756909136,Cereals
77,HG01938,0.07112244106811087,0.020275470148546554,0.04929560275786022,0.06976562208355708,0.036095692350986815,0.06969526850658021,0.025154993237441886,0.045191404802995626,0.061367702252175936,0.09591848748424224,0.024786713798777282,0.035599627843935666,0.059879508731022484,0.047693264147530015,0.054605144138685564,0.0792023340158109,0.051422003727303794,2.8715745704842335e-06,0.06267642236267412,0.012573189256865217,0.027676235710327044,Cereals
78,HG01945,0.07108300873946131,0.020267715507252513,0.049337311925085,0.06977147969605242,0.03610220455978757,0.06969471076408046,0.02514792368737682,0.04518174506544372,0.061349856112062555,0.09589157069952281,0.024800669826868123,0.03560213030198889,0.05989913853778861,0.0476864211543608,0.054649435030883355,0.07919827406221727,0.05141079055498198,2.8698666157743655e-06,0.06266497248874116,0.0125779079102851,0.027679863509143754,Cereals
79,HG01951,0.07111389818444813,0.02026567441753675,0.04934435215851495,0.06976859319124999,0.036095788585499694,0.06969540859962002,0.025145364688865038,0.04517928789957352,0.06135236515380244,0.09590266736311612,0.02479020417066073,0.03559138890004994,0.059875040897271796,0.04768334892691299,0.05466243248362674,0.07919649058358254,0.05141361061205278,2.869983985489361e-06,0.06266538282716383,0.012574117336425262,0.02768171303604126,Cereals
80,HG02461,0.0711008812273182,0.02027210279119892,0.049344281349866334,0.06976347060925367,0.036106499212908025,0.0696838286679419,0.02515537353505465,0.045176353087883085,0.061355864588609914,0.09590468222865417,0.024798778536568564,0.03559349031166546,0.05987925994699147,0.0476854329866876,0.05465589658888543,0.07920068190721642,0.05141568931893943,2.869979867091232e-06,0.06266314041806997,0.012562619373225097,0.027678803333194616,Roots and Tubers
81,HG02462,0.07110154770728236,0.020274958223885534,0.049337788495550455,0.06976916050996636,0.036100015856627386,0.06968736614244131,0.025155355486213702,0.0451842131130721,0.061351515599405625,0.0959003084508649,0.02478871582125491,0.03559561725688956,0.059882086961762566,0.04768396378375004,0.05465298739577496,0.07920206007007051,0.051412064956207724,2.8699778078966006e-06,0.06266740042432623,0.012579112732010799,0.027670891034835072,Roots and Tubers
82,HG02562,0.07109145177723249,0.020272073700977226,0.04934062307173504,0.06976480548739362,0.03610931737626817,0.06968875113005295,0.02515031497983842,0.0451884856572962,0.06134788411037927,0.09587369236729949,0.024805200396056652,0.035600614174810224,0.059878456527042344,0.04768966952229254,0.054660840615896794,0.07920128574913542,0.05141992050167176,2.8699757487049234e-06,0.06265874553360024,0.012579821200510856,0.027675176144761577,Roots and Tubers
83,HG02568,0.07111231012406197,0.020270653257173688,0.049343528451166255,0.06976126807099464,0.03609929836217542,0.06967875620901762,0.02515320300285778,0.0451842131130721,0.061347210632693785,0.09589528598970108,0.024790868304610834,0.03558844231236982,0.05987706450059875,0.047698313672789525,0.054667337284814446,0.07919201514774286,0.05142354486743931,2.8699778078966006e-06,0.06265950798535451,0.012579830226462774,0.027674478507094945,Roots and Tubers
84,HG02570,0.07109884070490423,0.020275825848879808,0.04933856037331627,0.06976146846915363,0.03610402804463839,0.06968613365973635,0.025146759383488617,0.04518007889348232,0.061355538686935794,0.09590049491382416,0.02479160956766429,0.035596056186853284,0.05988256379423409,0.04769052173301631,0.05465432802067474,0.0791948215569481,0.051421388485110256,2.86989750161073e-06,0.06266349447329489,0.012579478223935231,0.027675139082407672,Roots and Tubers
85,HG02574,0.07109535535121857,0.020269397665048042,0.04934508845036792,0.0697665909012639,0.03610766722916738,0.06968264627888555,0.025156122648115623,0.0451765563476484,0.06135562672911572,0.0958941752476725,0.02478949271618969,0.0355903674622034,0.05987690991952796,0.04768987269116415,0.054650819069922286,0.07920139247626591,0.051425049649298026,2.869901619772474e-06,0.06267004167097152,0.012576626373247924,0.02767733122108574,Roots and Tubers
86,HG02582,0.07109657625751756,0.020268515316365057,0.049344281349866334,0.06977495052872204,0.03609071432363902,0.06968526365787545,0.025153938545121105,0.04518639801741791,0.06134868963894218,0.09590252974375385,0.02479160358690084,0.03558846784689806,0.05987925994699147,0.047686867976621146,0.05465374410398511,0.07920068190721642,0.05141712430887297,2.869979867091232e-06,0.06266816288283737,0.012582709232294735,0.0276766508482943,Roots and Tubers
87,HG02586,0.07109934421054143,0.020268486231291346,0.049342775553546575,0.06977054543889104,0.03610572990658229,0.06968588115430424,0.025149597485901246,0.04518131071792443,0.061355776543688206,0.0958944996914776,0.024795155480936186,0.03559774419906152,0.05987630404523082,0.047684647064732306,0.05465653565227374,0.07919698078551236,0.05141489804411153,2.8699757487049234e-06,0.0626630504972233,0.012579821200510856,0.02767804612051028,Roots and Tubers
88,HG02594,0.0710895645429649,0.020270818072044523,0.04934792294606669,0.06976080104636538,0.036090421925458666,0.06969120598201864,0.025151799749888255,0.04517867635927412,0.06135414775821383,0.09590271614469173,0.02478014775677888,0.03559392930145927,0.05989695625627342,0.04768625110042711,0.05465938955801394,0.07918985605301279,0.0514321875020179,2.8698995606901247e-06,0.06266425690766887,0.012578052299614645,0.027678028838185736,Roots and Tubers
89,HG02703,0.07110186364370145,0.020271564635611916,0.049337949095083496,0.06977022833671145,0.036102670804111135,0.06968700113002457,0.02514681351007157,0.04517587128482,0.061352083370701874,0.09589209162167495,0.024800272640849493,0.03559326290111388,0.05988914997040412,0.047686319527900846,0.05465085828056896,0.07920431920503668,0.051417194310415956,2.8699036788577782e-06,0.06265860702050187,0.012578787824433642,0.027680220982583274,Roots and Tubers
90,HG02715,0.07110733868201914,0.020271385296232146,0.04934786882470019,0.06976562309415399,0.036106499212908025,0.06968741614277575,0.02515752601995497,0.045182810542584044,0.06135514709364314,0.0958932023091858,0.0247872986171002,0.03559062033179837,0.05988356491679211,0.04768041052192019,0.05465589658888543,0.07919278946258192,0.05141712430887297,2.869979867091232e-06,0.06266314041806997,0.01257625177759378,0.027675215858360754,Roots and Tubers
91,HG02722,0.07106041802438917,0.020264568586584878,0.04934331039812905,0.06977636204212936,0.03611918276396814,0.06967240441095814,0.025164916235242498,0.04521296616931902,0.06137013290086959,0.09588334950053735,0.02478995181384558,0.03559580986220954,0.05988102945298928,0.047675686604306426,0.05466450721573503,0.07918990478197933,0.051410991834665784,2.867796721964957e-06,0.06264988718804645,0.01258389201598223,0.02768786040139117,Roots and Tubers
92,HG02757,0.07109872874241788,0.020268515316365057,0.049352891289467606,0.06976060062938659,0.03610147674814061,0.06969028612264284,0.025159678504855287,0.0451813755526505,0.061358017073510226,0.09589391980415257,0.024780841162399245,0.035583445382130645,0.059880694936925015,0.04769117294642178,0.05464728664928416,0.07919637693741578,0.05142860422834134,2.869979867091232e-06,0.06266959787277092,0.012577686767527326,0.027675933353327527,Roots and Tubers
93,HG02760,0.07109672929215381,0.020271428930176826,0.04935084503151604,0.06976936074648336,0.03610585943525849,0.06968110867560906,0.02514968770964351,0.04519008276322256,0.06135599665646626,0.0958962787043448,0.02479452693661277,0.035580651989079705,0.05988656380158351,0.047684100636060656,0.054653144249086086,0.07919439491725472,0.051426562438340144,2.8699860446928575e-06,0.06265610033471213,0.012579866330399968,0.02767384043595088,Roots and Tubers
94,HG02769,0.07110800515735012,0.02026706578491382,0.04933994097890638,0.06976916050996636,0.03610432082333923,0.06968880113134525,0.025156790475117652,0.045195693024303686,0.0613522330938576,0.0958945684952491,0.02479015081015886,0.03559633475134154,0.059875629511694804,0.04768109380594215,0.054655139879130885,0.07919345013664682,0.051418522406275494,2.8699778078966006e-06,0.06265089805193082,0.012583417698722645,0.02767591349599889,Roots and Tubers
95,HG03054,0.07109862671660425,0.020272791194914402,0.04933703560204916,0.0697748504025141,0.03610357742477076,0.06968372867249271,0.025149597485901246,0.04517700575430138,0.06134716661644209,0.09589091222179173,0.024798025456684893,0.035600614174810224,0.0598920889118487,0.04768249458292077,0.05465581815833656,0.0792048732188213,0.05141633303198588,2.8699757487049234e-06,0.06266089801541178,0.012576233730824974,0.0276744586508244,Cereals
96,HG03058,0.07110293495121808,0.020264695204462193,0.04934443237472323,0.06977271455364432,0.036098192363932226,0.06968948609295471,0.025150779836326926,0.045180856880052,0.06134296296190002,0.09589640639596371,0.02479131898455538,0.03559810411306443,0.05988718238656176,0.047692777922072334,0.054664596478288134,0.07918255301868192,0.05141725153793281,2.8699469203317085e-06,0.0626631385452526,0.01257969483854396,0.027677050612948912,Cereals
97,HG03060,0.07110103427122086,0.020268558944132133,0.049343670066404305,0.06977294822903923,0.03610011946316911,0.06969545860583252,0.025150405206154684,0.04519151775624491,0.06134379921577631,0.09589269122178894,0.02479022195754573,0.03559500191930317,0.05988369381553882,0.04768051315350479,0.05466247170373134,0.07920085238585528,0.05141723498369489,2.8699860446928575e-06,0.06265251285215626,0.012575561351332929,0.027678862911529094,Cereals
98,HG03061,0.0711101672357422,0.020272194842661795,0.049340606594579776,0.06976347073177207,0.03610466780649184,0.06968526619318242,0.02515674987677404,0.04518787384818705,0.061351819259984175,0.0958981360773321,0.024787251368758794,0.03560315429755464,0.05987669511924757,0.04769400644721086,0.054644165762053006,0.07919178120522521,0.051408363293802974,2.8698913243902735e-06,0.06266264212239943,0.012582321038958058,0.027675796986757605,Cereals
99,HG03066,0.0711008812273182,0.02026923281133183,0.04934284635993279,0.06976705808408754,0.03610721670787479,0.06968598115284222,0.025153221050154332,0.04518209304761727,0.06135227711377605,0.09588459236958453,0.02479734354663502,0.03559564279656578,0.05988858738155952,0.04768328050178728,0.05465446159895188,0.07919565944244901,0.05141497182397266,2.869979867091232e-06,0.06266385791303675,0.012578404262494099,0.02767952082816139,Cereals
100,HG03072,0.07109843593054958,0.020271918496197444,0.049349261013057824,0.06976825943463912,0.0361041756349548,0.06969436074042187,0.025144927536231883,0.04518797531927106,0.06134811307217678,0.09587745731094849,0.02479121825226001,0.03558975462763668,0.05988592337494619,0.047695508681302914,0.05466422729229445,0.07918567943750897,0.05141914191419142,2.8698522026115657e-06,0.06266609269622614,0.01258071459319845,0.027673984789783328,Cereals
101,HG03073,0.07108433821382269,0.020271477369830697,0.049344193958735266,0.06976490567743426,0.03610395033366074,0.06968454872035133,0.025143835365814285,0.04519146121234254,0.06135110178715308,0.09589885355016319,0.024785816423096598,0.03559382715075037,0.05989606688568721,0.04768754919173098,0.05465851521867496,0.0791960860422118,0.05142199527759383,2.8698913243902735e-06,0.06265833728541284,0.01258160356612696,0.027678666878081994,Cereals
102,HG03077,0.07109858564783758,0.02027144828140392,0.04934340568079823,0.06976337062512601,0.03610031116752034,0.0696966457475805,0.025155996306455167,0.045184939118930276,0.061349578808178894,0.09588867133549484,0.024793673046665084,0.03559521101921892,0.05987660919956694,0.04767887110116854,0.054659871730391316,0.07920242964650882,0.05142192148993064,2.869887206258076e-06,0.06265896484603414,0.012580150568632277,0.027676474745351322,Cereals
103,HG03078,0.07110027565365502,0.020274390900129002,0.04933927784769167,0.06977151311040926,0.03610474551901379,0.06968326376223473,0.025146759383488617,0.04517720899598071,0.06134549404568016,0.09589475511882094,0.024789457144538084,0.0356003610331057,0.05989189096111432,0.04768406446363768,0.05465648044380095,0.0791955390313235,0.05141708363885784,2.86989750161073e-06,0.06267282164017512,0.012578760749559829,0.027672986659281463,Cereals
104,HG03084,0.07109560370886167,0.02027203006580123,0.049337646897598765,0.06977254773656262,0.03610134723546594,0.06969075360378492,0.025153130813930544,0.0451826484509698,0.06134775206045878,0.0958935757883627,0.024786492201216436,0.03559838506812232,0.059881197609602345,0.0476809569626538,0.05466287543686318,0.0791925053614619,0.051421244806251945,2.869969571147622e-06,0.06266937304797227,0.0125805116151256,0.027676551559362092,Cereals
105,HG03085,0.07109248096844868,0.020269005554380215,0.04934398072282244,0.06976143775615948,0.03609737556431284,0.06969115637964853,0.025167904359955393,0.045182319213709174,0.061336278457682365,0.0959082612889461,0.024779922475338768,0.03559608288899487,0.059881167101144224,0.04767443945223556,0.05466169915985069,0.07918631377765985,0.05142301858512115,2.868627612692243e-06,0.0626716246113906,0.012590406592106255,0.027682256462480143,Cereals
106,HG03091,0.07110294149300249,0.02027648513182119,0.04934415855564213,0.06976844298462744,0.03610607684702486,0.06967445411118812,0.025146687215073807,0.045190711316403856,0.061346752935537985,0.09589447991149261,0.024795843252388105,0.03559595403011375,0.05987808710400909,0.04768608003260194,0.054670673032081056,0.07919531174889617,0.051419805966786775,2.8698892653226977e-06,0.06264896518967816,0.012579442122225714,0.027675777130139433,Cereals
107,HG03096,0.07109966020364822,0.020274419992882643,0.049343653499558035,0.06977089575369357,0.03610910217997727,0.06968049385267074,0.02514894789406619,0.04519234080655715,0.06134988692587618,0.09588987039524285,0.02479164514240452,0.03559825969165777,0.05988623709979222,0.04768198046170977,0.05466158120099643,0.07919063034519176,0.05141572246903376,2.869901619772474e-06,0.06265425721206277,0.012583083651892413,0.02767446131946597,Cereals
108,HG03097,0.07107659899926674,0.020272955951378197,0.049340712796442476,0.06976433836665523,0.03610474551901379,0.06967967639035771,0.025154651601618047,0.04518223131660853,0.061355538686935794,0.09589619006757173,0.02478586977266107,0.0356003610331057,0.059887586114861904,0.04769626152801953,0.05465432802067474,0.0791955390313235,0.05142784575448888,2.86989750161073e-06,0.0626685167939227,0.012577325800809024,0.027675856556783073,Cereals
109,HG03212,0.07107691844446787,0.020265392256178304,0.0493432584789234,0.06977569486414581,0.03611379361518625,0.0696746080736084,0.025155555364374863,0.04521662325670094,0.061371152697690994,0.09588619778168264,0.0247949407853655,0.035596888821019745,0.05987492481221874,0.04767640182644473,0.05466644585296819,0.07918250180486522,0.051417330003921596,2.8677103698557755e-06,0.06264083146394464,0.012582079247742215,0.02768559283818012,Cereals
110,NA18488,0.07109303979158191,0.02026781236345164,0.04934144677223895,0.06977715307837849,0.03610437263271334,0.06967813870192152,0.0251553915839215,0.04517782049267545,0.061348733656349796,0.09589398860760674,0.02479090387928282,0.03559136336338922,0.05990369775646338,0.04768116222788087,0.05465665329972585,0.0792014562288294,0.051427923632650925,2.869981926288819e-06,0.06264811797347707,0.01258056577388704,0.0276773882016478,Roots and Tubers
111,NA18489,0.07110503314460864,0.020269189182208172,0.049342022657007295,0.06976906039213886,0.03611000896149284,0.06967793872749671,0.025154601895187124,0.045183430780898315,0.06135429753447735,0.09589012592727056,0.024798007664264737,0.035594131190802306,0.05988487100544506,0.04767959039735503,0.054663671370792706,0.07919764145562196,0.051417013634527504,2.869973689516201e-06,0.06265511310925057,0.01257909468114951,0.027672286314315214,Roots and Tubers
112,NA18504,0.07108653132798273,0.02027210279119892,0.0493449988448331,0.06976992806395463,0.03609860676827352,0.06968956862767607,0.02515250355518756,0.04518209304761727,0.06135299460874282,0.09589750727898644,0.02479232108186761,0.035598512776432875,0.059897914816127565,0.0476854329866876,0.05465876656875252,0.0791856145129142,0.051417841803839744,2.869979867091232e-06,0.06266170542813643,0.012579839252427644,0.02767234587849366,Roots and Tubers
113,NA18508,0.0710959097735082,0.020272117336341076,0.04934144677223895,0.06976782563711804,0.03610939510108435,0.06968890113414511,0.025153239097476784,0.045181407970083305,0.06135232113375766,0.09588968363471731,0.024794491356690682,0.03559782082272337,0.059883607882979355,0.047680444732399296,0.054653065822317985,0.07919212878756896,0.05142648864168778,2.869981926288819e-06,0.0626603153966638,0.012579130782923895,0.0276773882016478,Roots and Tubers
114,NA18510,0.07110812007234933,0.020269867907214342,0.04933946432504683,0.06977363209601425,0.0360928774932863,0.06968323129761736,0.025148641154030763,0.04519250706525287,0.061348421178754664,0.09589874536606224,0.024794930093636574,0.03559926043537311,0.05988837653797945,0.04768570368770685,0.05465660969742279,0.07918966446236995,0.051419400154829306,2.8698666157743655e-06,0.06265134062231623,0.012580777776900875,0.027675558709220092,Roots and Tubers
115,NA18511,0.07109519227802663,0.020272117336341076,0.04933785929483109,0.06976710814163647,0.03610580762367649,0.06968961862962668,0.02514821662910578,0.045180690474601735,0.06135734360212867,0.09589542359856988,0.024798796329580115,0.035596385831760224,0.05988934784683193,0.047686902191733445,0.05464947834491012,0.07919643376045839,0.05141644370494577,2.869981926288819e-06,0.06266390287407166,0.012579130782923895,0.02767093074231365,Roots and Tubers
116,NA18516,0.07108663333658598,0.02026782690552587,0.04934435215851495,0.06976357071927539,0.03609507108950332,0.06969397360762727,0.025151822152832386,0.04518718035553362,0.06134806017782421,0.09589692739514513,0.024785181698686123,0.03559928135601003,0.0598800633692464,0.0476804789429275,0.054667454955601345,0.07918788063162607,0.05143872297192582,2.869983985489361e-06,0.06266251284317834,0.012577704816407125,0.02768243053203763,Roots and Tubers
117,NA18522,0.0711052469580902,0.02027007151061969,0.04934211234349205,0.06976715820800859,0.03611117687954834,0.06967819144929002,0.025153916079952418,0.045180763951817325,0.061349754875055514,0.09589468631684075,0.02479302672805373,0.0356017704384985,0.059880368408477956,0.047682595303846595,0.05465859365078682,0.07919332978901246,0.05141561180072307,2.8698954425342898e-06,0.06266057961843305,0.01258233909393096,0.027675836700079424,Roots and Tubers
118,NA18523,0.07110164973736077,0.020269247354414786,0.04933785929483109,0.06977069561904434,0.03610006765982391,0.06968387866577411,0.025154674088439927,0.04517710299719387,0.06135232113375766,0.09590403354434876,0.024793056365727536,0.03559997330916809,0.0598850428739425,0.04768116222788087,0.054659523281652134,0.07918997630112425,0.051419313686872054,2.869981926288819e-06,0.0626624678831085,0.012579130782923895,0.027675953210684657,Roots and Tubers
119,NA18856,0.07109960919142733,0.02027010059715435,0.04934074819716497,0.06976869327015728,0.036094009299909524,0.06968331375822674,0.02515610459922929,0.04518082878394463,0.061351277858653144,0.09590702099403275,0.02478732250568061,0.03559392930145927,0.059883324233360145,0.047683381200866425,0.0546579546082336,0.0791920084776833,0.05141999042888497,2.8698995606901247e-06,0.06267071418168042,0.012581639674065507,0.027675158938625044,Roots and Tubers
120,NA18864,0.07110386628707871,0.020269164983010377,0.04934667439617963,0.06977081228762971,0.03607998897970429,0.06968902103039765,0.025151529066029937,0.04518464735053724,0.061355639865919735,0.09590383644044448,0.024785620809991735,0.03559067637064928,0.059880527367067685,0.04768860776930848,0.0546566489117458,0.0791882863440169,0.05141943704656075,2.8698686748094407e-06,0.06267290958765727,0.012580069336027183,0.027679165901368354,Roots and Tubers
121,NA18868,0.07109375728706349,0.020269964849896356,0.04933642430386795,0.06977643558289692,0.03609432769597133,0.06968890113414511,0.02514821662910578,0.04517710299719387,0.06135088614279451,0.0958975760850146,0.024785881410911814,0.03559279835435236,0.059882890387497785,0.04770483957877275,0.05465091333587327,0.07919643376045839,0.05142648864168778,2.869981926288819e-06,0.06266820784696109,0.012579130782923895,0.027675953210684657,Roots and Tubers
122,NA18870,0.07109303979158191,0.020271399840859503,0.04934503424964681,0.06977069561904434,0.03610652511915806,0.06968603115221882,0.025154674088439927,0.04517782049267545,0.061353756124720805,0.09589327111212517,0.024788751392838104,0.03559423334531551,0.05988647786490565,0.04767470476854672,0.05465808829068899,0.07919284628305054,0.05143151111005879,2.869981926288819e-06,0.06266175038762693,0.012578413287442322,0.027678105697129373,Roots and Tubers
123,NA18871,0.07110431565118627,0.020274929129587206,0.04934345764385205,0.06976834289871647,0.03609924656015716,0.06968798363541003,0.025163211816255675,0.04518127830063118,0.06135286254763259,0.09588797344700342,0.024798007664264737,0.035595566177647066,0.059886305992289814,0.04768174287762217,0.05465577894314654,0.07918113910690723,0.051417013634527504,2.869973689516201e-06,0.0626644405237415,0.012581247161416648,0.027672286314315214,Roots and Tubers
124,NA18876,0.07110308472832393,0.020269964849896356,0.04934072927675738,0.06977141311452591,0.0360900227230819,0.06968316117029252,0.02515252160199521,0.045180690474601735,0.061353038629239236,0.09590188105790404,0.02479377386120911,0.035605713273020666,0.05988073790105307,0.04768761968721502,0.05465234832683641,0.07919930374238468,0.05142648864168778,2.869981926288819e-06,0.06265098795540334,0.012576260800997606,0.0276773882016478,Roots and Tubers
125,NA18939,0.07111247271803688,0.020266498681999572,0.04934501764269489,0.06976649078978145,0.03609900572401057,0.06968613365973635,0.02514747685786402,0.04518007889348232,0.061352668789434184,0.09589905996507335,0.02479160956766429,0.035595338712477886,0.059881128845483286,0.04768334698926228,0.0546693949825582,0.0791955390313235,0.05141206131823002,2.86989750161073e-06,0.06266277699891948,0.01257373842893201,0.02767729150553388,Cereals
126,NA18940,0.07108746312176419,0.020265810288023326,0.04934437097496298,0.06976730837666885,0.03609977499971301,0.0696934084099597,0.02515325274649585,0.045181578675483,0.06135490925371078,0.09587839078876376,0.024797384945644062,0.03559969464246766,0.05990273903410591,0.04768341541251966,0.054665168578021145,0.07919421772221648,0.051412852567413986,2.869901619772474e-06,0.06266573681854186,0.012574473947033095,0.02767517879487091,Cereals
127,NA18941,0.07110955820999608,0.02026392463231997,0.049332511603112916,0.0697679090433611,0.036097537176954915,0.06968827104469988,0.02514838855020817,0.045179856321571066,0.061349957347035855,0.09589419482037327,0.02478535406982459,0.035606794914934424,0.05988490515544835,0.04768881200912321,0.054667540053967296,0.07919532618217587,0.05141673129780522,2.869837789593538e-06,0.06266864781135409,0.012575629193998883,0.027675280723945282,Cereals
128,NA18945,0.07110264195560964,0.020266663605526123,0.0493451072451457,0.06977104581953429,0.036096586636973606,0.06969140833510305,0.025150378529160234,0.04517741222657797,0.06134740884019124,0.09588066143594276,0.02479165112181235,0.035590780992613084,0.059893845385617615,0.047684916803939686,0.05466144742204136,0.07920270681352488,0.05141855165961648,2.8698192587830818e-06,0.06267039551849024,0.01257985272087564,0.027673667112445257,Cereals
129,NA18946,0.07111252373945043,0.020268665647374007,0.04934648799628635,0.06977084569482779,0.03610548889815229,0.06969335840668917,0.025153234699668597,0.045181546258834804,0.06135056038376297,0.0958826268477669,0.024793062304801987,0.03559536425123962,0.05988547665803066,0.04768051130130573,0.05465938955801394,0.07918985605301279,0.05140994578042255,2.8698995606901247e-06,0.0626635394327787,0.012575899874944127,0.02767874631307591,Cereals
130,NA18952,0.07112021185537756,0.020272194842661795,0.049344911431566364,0.06976777556875866,0.03610825517064733,0.06968741861167572,0.02514742272996977,0.04518285153836937,0.061356124096970756,0.09587087210975039,0.024777206749123426,0.03559526209641256,0.05989534941285611,0.04767965699058891,0.054662820055661546,0.07919895593353618,0.05140979823946517,2.8698913243902735e-06,0.0626690993778793,0.012574428837815984,0.027676514459588703,Cereals
131,NA18953,0.0711053489905487,0.020270818072044523,0.04934577052139618,0.06977586801905901,0.03610620637304246,0.06969120598201864,0.025143190051206184,0.045181546258834804,0.06134553805953176,0.09588549674732759,0.024791627355021644,0.03560469142481186,0.05988404170825032,0.047687686050207456,0.05466728178180584,0.07917478908031916,0.051424295278226,2.8698995606901247e-06,0.06265923458343767,0.012574464925163781,0.027678028838185736,Cereals
132,NA18957,0.07111678421220585,0.020269703369320078,0.04934331066084855,0.06977149434024503,0.03609191857984432,0.06969332984342001,0.02515964560647403,0.045177644953908046,0.061340485265275246,0.0958942126002603,0.024785316548284503,0.035589227641547656,0.05989838615412748,0.04769468517276863,0.054644154335440426,0.07921649055751365,0.05141502837944919,2.8684219018354316e-06,0.06266139355107046,0.01256942477384286,0.02766449503225182,Cereals
133,NA18960,0.0711009964184039,0.020268447515841673,0.04935313160069795,0.06976435508311139,0.03609649072458444,0.06968399876021673,0.025149376664523833,0.04517962508035632,0.061358509734594543,0.09588446482688952,0.024795665350353567,0.03559498117366149,0.05989128937459822,0.04767712829460924,0.05465951878042061,0.07919761341721003,0.05141728464505464,2.8698686748094407e-06,0.06267219212048857,0.012577199467352375,0.027674861098356138,Cereals
134,NA18965,0.07109669161539169,0.020271317384516485,0.04934595692901093,0.06976937735329232,0.03609003352006612,0.06969834810359078,0.025147224263017725,0.045183929883368536,0.06134990012857012,0.09588876962990174,0.02479279548167876,0.03559426370649279,0.05989559417761043,0.04768502043346497,0.05465306157590229,0.07919115621269171,0.05142158944806686,2.8698686748094407e-06,0.06267147465331986,0.012574329598677565,0.027676296032693545,Cereals
135,NA18972,0.07111135026546132,0.02026761371789353,0.049343521308652605,0.06976610704548716,0.03610345817190415,0.06969005596211796,0.02514636246233319,0.04518223561486583,0.061356005165733966,0.0958710001434926,0.024801980198019803,0.03559692925814321,0.05987874874443966,0.04767541971588463,0.05466781460754771,0.07920289855072464,0.05141985937724207,2.8698522026115657e-06,0.06266035299182092,0.012578562204046491,0.027676854641985937,Cereals
136,NA18977,0.07111159262960999,0.020269935762721715,0.04934639842897415,0.0697734654766782,0.03610360332888726,0.06969238860360512,0.025155355486213702,0.04518349561862013,0.06135295058830958,0.0958809361006616,0.024781540876735172,0.035591312290177715,0.05989715434525403,0.047679658817038194,0.054655139879130885,0.07918699268657906,0.05141923990072747,2.8699778078966006e-06,0.0626652479409703,0.01257409027084698,0.027676630990450868,Cereals
137,NA18984,0.07110171540232292,0.02026661080890692,0.0493466005077413,0.06976457245499876,0.03609927282091969,0.06969211996697314,0.025141730696254062,0.045188831986984375,0.061360083844027725,0.09588763982074824,0.024790945877991445,0.03559784421567312,0.059883057380218464,0.047680910634518806,0.0546643261882746,0.0791948735201938,0.051416876551720676,2.8694054663608836e-06,0.06266135922302239,0.012577321510426344,0.027680437182616854,Cereals
138,NA18989,0.07109966020364822,0.020266527763428268,0.04934293602415309,0.06976946080288368,0.03610551480295256,0.06968910355753005,0.025151817795685965,0.045177273823053345,0.0613584966307355,0.09586834613309456,0.024788057765379803,0.035595389790038,0.05990273903410591,0.047682697937114715,0.05466229867640137,0.07919565267302636,0.051423614698488135,2.869901619772474e-06,0.06266860672016163,0.012577343848652868,0.027671591417846197,Cereals
139,NA18991,0.07109894272824327,0.02027083261585793,0.04934437097496298,0.06976730837666885,0.03610049247511795,0.06969412588536465,0.02514823041866125,0.04517799129845829,0.06135921410614044,0.09586834613309456,0.024790210191594633,0.035595389790038,0.05990202155870097,0.04767552318306528,0.054665168578021145,0.0791978050992412,0.05142146227227331,2.869901619772474e-06,0.06266860672016163,0.012577343848652868,0.027673743844061027,Cereals
140,NA19019,0.07111128009630242,0.020272722968387495,0.04934064688487756,0.0697754999849348,0.036092606435561884,0.06969300013917365,0.02515384427759548,0.04517835031873636,0.061356928767481,0.09589351637299112,0.024802323195656634,0.035598324750958074,0.05986906198392759,0.047677019560354736,0.05465794129167498,0.07918837369130136,0.05141103431850106,2.869559852562015e-06,0.06266257850039672,0.012580150393631874,0.027681926507702615,"Fat, meat or milk"
141,NA19026,0.07111082411353624,0.02027350868885158,0.049334165626300455,0.0697719804267654,0.036096402485399,0.06968946862399013,0.025159642401021712,0.04518418069367314,0.06135075408612797,0.09589306470360326,0.024791568011250306,0.035600614174810224,0.0598798915149167,0.04768105959504642,0.054657253146210914,0.07919913326732389,0.05141202806836282,2.8699757487049234e-06,0.06265874553360024,0.01257910370657368,0.027673741156887224,"Fat, meat or milk"
142,NA19037,0.0710938183842764,0.020272955951378197,0.04933712542456546,0.06976792573853224,0.03610474551901379,0.06968900355723795,0.025146759383488617,0.04517792647035611,0.06134979889193257,0.09588901532381772,0.02478802219578728,0.03560107850748111,0.0598854336917357,0.04768693436113929,0.05465935034130256,0.07918692933881867,0.05142928070323968,2.86989750161073e-06,0.06267640901205214,0.012576608326433621,0.027678008979909283,"Fat, meat or milk"
143,NA19038,0.07110231621725173,0.020273537781132465,0.04934356385489956,0.06976347060925367,0.03610865169780834,0.06968598115284222,0.02515178606022079,0.0451813755526505,0.06135658208357669,0.09588889733938516,0.024796626051668248,0.035592055321731916,0.05988141243189179,0.04768615048165437,0.05466235404358638,0.07919637693741578,0.05141712430887297,2.869979867091232e-06,0.06265596546840224,0.012579121757460872,0.027673780868427207,"Fat, meat or milk"
144,NA19309,0.07109797019761355,0.020269324951337406,0.049344193958735266,0.06977136293291414,0.03609749307818086,0.06970105059546658,0.02515172756695636,0.04517782922855169,0.06134751442299759,0.09590028849582538,0.024792273678576476,0.03559526209641256,0.059881717429065257,0.04767893951775781,0.05465349290885727,0.07918675889540752,0.05142630011458041,2.8698913243902735e-06,0.06266264212239943,0.01257873367480257,0.027682254242237483,"Fat, meat or milk"
145,NA19316,0.07109863665910451,0.02026715799170889,0.04934774591722378,0.06976916045694377,0.036105359374708525,0.0696787589450861,0.025156731827502436,0.04518999384408753,0.0613496228248033,0.09589161002222729,0.0247886685292248,0.0355923666685321,0.05987449974242744,0.04768321014333662,0.05466062841965243,0.07921037866753912,0.05141693607752145,2.8698892653226977e-06,0.06266116221905578,0.012578007177593052,0.027676494602455765,"Fat, meat or milk"
146,NA19323,0.0711130371270666,0.02027362978832399,0.049340606594579776,0.06976562315026535,0.03610825517064733,0.06967952641053365,0.02515746734960514,0.04518859132101815,0.06135110178715308,0.09589167882185222,0.02479657851556306,0.035597414514905855,0.05988099995623416,0.04768037446342001,0.05465851521867496,0.07918962878673191,0.05141051571229627,2.8698913243902735e-06,0.06265833728541284,0.01257873367480257,0.027676514459588703,"Fat, meat or milk"
147,NA19328,0.0711009322418792,0.02027068234537793,0.049339294285794234,0.06976854313259963,0.036097197677897624,0.06969392360251611,0.025156826574884644,0.04518499544749117,0.06134945115183137,0.09589542359856988,0.02478516391543024,0.03559136336338922,0.059883607882979355,0.04768403220980716,0.054663828254541566,0.07920289121979254,0.0514157262094642,2.869981926288819e-06,0.06265959790118222,0.012578413287442322,0.027675235715203084,"Fat, meat or milk"
148,NA19347,0.07109719172872989,0.020267051243416993,0.04934923299898116,0.06976695796920517,0.03609783747327335,0.06969090361186447,0.02515605493133583,0.04518131071792443,0.06134860160431645,0.09590526210053525,0.024793720493061833,0.03559487422331281,0.05988347898460258,0.04768249458292077,0.05466012312195962,0.07918908835220342,0.0514127455623,2.8699757487049234e-06,0.06266448548509765,0.012576233730824974,0.027679481108384633,"Fat, meat or milk"
149,NA19350,0.07109196523895349,0.020272015520784305,0.04934622140077374,0.0697732151672043,0.03610634377618845,0.06969213858499122,0.025143785372349584,0.04519122593532241,0.06134986051957892,0.09589278949362293,0.024785756925231606,0.03558687965652229,0.05988402461284138,0.04767877027632047,0.05465422631415812,0.07920464590340838,0.05142049042004845,2.8699675119677644e-06,0.06266717560757212,0.012577632621198728,0.02767796668541712,"Fat, meat or milk"
150,NA19355,0.07110206114039676,0.020276335020157948,0.049348409283490574,0.06977254773656262,0.036107087174608234,0.06967712124832197,0.025148825859573825,0.045183365943362586,0.06134703456806599,0.09588927083400599,0.024792232140358732,0.03558977515940887,0.05988550256395907,0.04768813188658167,0.05466144045207761,0.07920470273213928,0.05141478737471686,2.869969571147622e-06,0.06266506809361554,0.01257835913794724,0.027665071681077503,"Fat, meat or milk"
151,NA19374,0.07110917893942427,0.020272737511845912,0.04933781271947665,0.0697812891650364,0.036104110575698685,0.069687311012446,0.025151710151290477,0.04519129575785489,0.0613598423462686,0.09587636779461972,0.024785123617140182,0.03559835028885728,0.05986982232390037,0.04768494505865026,0.054660132674194964,0.07919703918602007,0.0514132233717209,2.8695619111569285e-06,0.06265688433011153,0.012580159418511974,0.02767979419501973,"Fat, meat or milk"
152,NA19378,0.07110206114039676,0.020271312573408442,0.049338364389991556,0.06977183024416983,0.036103499712644295,0.06968429617224983,0.025155283291108905,0.04519125835968324,0.06134990453763714,0.09589859823511221,0.02479294963275152,0.03559695008333674,0.05988191510199513,0.047683109439832165,0.05466072295968482,0.07919394034624748,0.05140832994318178,2.869969571147622e-06,0.06266363310882997,0.012576924153161665,0.02767224660500537,"Fat, meat or milk"
153,NA19379,0.07109341032267508,0.02027212211917755,0.04933612477094762,0.0697754174600692,0.03610525575662261,0.06968645114816766,0.0251545072199032,0.04517910210032243,0.06135016422894189,0.09590066193805936,0.024792902210238874,0.03559585187396057,0.05988365502308102,0.04767733353613826,0.05466477637169551,0.07919293205700158,0.051426115630376544,2.8698810290819394e-06,0.06265739503768872,0.0125772536099516,0.027675697703951684,"Fat, meat or milk"
154,NA19380,0.07109197538216053,0.02026996970840574,0.04934042959249124,0.06976465540621013,0.03609592864327809,0.06968716861842493,0.025153789749645928,0.04518125451109424,0.061360926282800946,0.09590424928934571,0.024791467269724334,0.035596569344217836,0.059872892969221964,0.04767733353613826,0.05466190649066643,0.07919938928931701,0.05142755057089109,2.8698810290819394e-06,0.06266098238897506,0.012580123490980682,0.027678567584980763,"Fat, meat or milk"
155,NA19652,0.07110723664385037,0.02027135620704005,0.04934062307173504,0.06977126293282822,0.03609281501571312,0.06969018611792731,0.025145292522278186,0.045175570766427024,0.06135362406187668,0.09587727983698538,0.02479659046881054,0.03560276665662175,0.05988850144216282,0.04768105959504642,0.054664428085582674,0.079195545797638,0.05142279047742047,2.8699757487049234e-06,0.06266520297903483,0.012575516236887798,0.027679481108384633,Cereals
156,NA19657,0.07109949725091606,0.020268529858933213,0.049338576790312665,0.06977356560097063,0.03609863266886077,0.06969464109799768,0.025154674088439927,0.04517782049267545,0.06135519111568395,0.09588824864375417,0.024791621374764393,0.03559853831820494,0.059882890387497785,0.04767470476854672,0.054668133227431,0.07919786875142154,0.05141357372301948,2.869981926288819e-06,0.06267610029725838,0.012574825810034461,0.027669495751350505,Cereals
157,NA19658,0.07110744072048078,0.020267109409529496,0.049343634662518586,0.0697707456792391,0.036095788585499694,0.06969397360762727,0.025151822152832386,0.045186462859537244,0.06134877767382058,0.09588616495519955,0.02479020417066073,0.035596411372024545,0.059886520833213754,0.047681913934920245,0.054661714987630367,0.07919003311961519,0.05142939552397298,2.869983985489361e-06,0.06265533788321462,0.012575552328418007,0.027678125556059398,Cereals
158,NA19664,0.0710858648367662,0.020271399840859503,0.049338576790312665,0.06976567315067334,0.036102220146268627,0.06969607608896083,0.025146781638142632,0.0451842779520096,0.06135734360212867,0.09589327111212517,0.024791621374764393,0.035595668336278655,0.059892217828758226,0.04768833718269659,0.05465091333587327,0.07919715125593997,0.051422901164279916,2.869981926288819e-06,0.0626624678831085,0.01257410831455289,0.02768025818357409,Cereals
159,NA19669,0.07110877367195269,0.020266362831464737,0.049345716339799874,0.0697735155387885,0.03609860676827352,0.06969817856727735,0.025148198585386923,0.045182810542584044,0.061353712103709594,0.09587598242998326,0.02478442863723311,0.035592055321731916,0.05989719732116079,0.0476854329866876,0.05465446159895188,0.07918991948271482,0.05141712430887297,2.869979867091232e-06,0.06267390284257156,0.012577686767527326,0.027673063373460434,Cereals
160,NA19676,0.07108566082220441,0.020266319208518655,0.049340587670162535,0.06976332044475982,0.03609996405357954,0.0696750687538072,0.025149579441230474,0.045181995794053555,0.06135358004105498,0.09588366848646915,0.02478796275635143,0.035597001164491826,0.059913570742340216,0.04768174287762217,0.05466295387737033,0.07920840385695764,0.05142562355559605,2.869973689516201e-06,0.06266300553689674,0.01258052966799427,0.027676591274849487,Cereals
161,NA19684,0.07110662118705237,0.020277125255966328,0.04934069387503247,0.06976849307402108,0.03609860676827352,0.0696967435773438,0.025148916080353696,0.045184963027484364,0.0613508421238425,0.09589822477395321,0.024793756071801155,0.03559564279656578,0.05989002237149307,0.047677540542053094,0.054659484063719295,0.07917556958337937,0.05142358176357393,2.869979867091232e-06,0.06265740045833579,0.012577686767527326,0.027675215858360754,Cereals
162,NA19716,0.07111302761851394,0.02027424072943356,0.0493449634400702,0.06976844301551438,0.03610073335107936,0.06968951862579723,0.02515105051950186,0.045186365596428024,0.061344340654885886,0.09589098102298924,0.024782975865639118,0.035594182267985615,0.05988065197285862,0.04767750633368228,0.05467164225152629,0.07918986266438695,0.05142354486743931,2.8699778078966006e-06,0.06266094297425845,0.012574807765298955,0.02767734848490284,Cereals
163,NA19722,0.07111180626456026,0.020265795747813314,0.04934361809672566,0.06976367094592607,0.03611051122238349,0.06968905355734813,0.0251453424758767,0.045172936560152734,0.061355582707994176,0.09587760452353569,0.024797367154143022,0.03560182152525117,0.059891933932042216,0.04768553362553694,0.05465938955801394,0.07919631332702434,0.051410663255312725,2.8698995606901247e-06,0.06266784428211973,0.012577334824724472,0.027673006513954528,Cereals
164,NA19723,0.07110441768509025,0.020269218268269742,0.0493449634400702,0.0697677255210624,0.036100015856627386,0.06968593115353736,0.025152485508405806,0.04517847315745631,0.06135366808276155,0.09588452357292147,0.024784410854543068,0.035590594795725745,0.05989069689518626,0.047694726200529655,0.05465370489022694,0.07920277756452249,0.05142210987853536,2.8699778078966006e-06,0.06266453044651832,0.012577677743106851,0.027674478507094945,Cereals
165,NA20503,0.07110498537764143,0.020266101096605146,0.04934005665267091,0.06977189694609387,0.036097423078358046,0.06968938609053521,0.025147873802875108,0.045182227018215525,0.061346462365005065,0.0958912463874595,0.024794153352523683,0.035604510402107686,0.05988709645016775,0.04768122971309182,0.05466667049325707,0.07919965905079512,0.05142076518414988,2.8699428020399553e-06,0.06265300382563375,0.012577524329940104,0.02767485844007129,Cereals
166,NA20504,0.07108150886321532,0.02026492784153119,0.04934284635993279,0.06977136305388817,0.0360964542833732,0.06969602608237703,0.02515537353505465,0.045189267997284996,0.06135227711377605,0.09590683471355449,0.024803801001335977,0.0355977952814661,0.05989002237149307,0.04767682304708633,0.054655179093918656,0.07919924691728288,0.05140707937933815,2.869979867091232e-06,0.06265524797343547,0.012577686767527326,0.027677368343261073,Cereals
167,NA20508,0.07111503332687602,0.020272354836163787,0.049338843568164044,0.06976689123743515,0.03610208284006687,0.06969012103862186,0.02514116389361229,0.045188230482791275,0.06134369372278066,0.09587665109738336,0.024786012039289124,0.03560343528702727,0.05989653960122545,0.047687208075937924,0.054668991296985874,0.07919097125063676,0.051419531199552296,2.8699139743286195e-06,0.062656679366036,0.012577397992495175,0.02767529793294446,Cereals
168,NA20509,0.07111400292545121,0.02026725051346045,0.04933883224424002,0.06977825251995555,0.03609539065677743,0.0696943197608562,0.025146111151363764,0.04518236723379865,0.061360585893700956,0.09587560160777862,0.02479531526076904,0.03559035935416253,0.059885664930382436,0.047670220298384545,0.05467250800410051,0.0791966558893178,0.05142208636752649,2.869496037584659e-06,0.06265401123264223,0.012577001132733561,0.027680593526560413,Cereals
169,NA20510,0.07109816428517617,0.02026568895808744,0.04934223507338196,0.06977079573950572,0.03610514193874732,0.06969043613025432,0.025141795248020606,0.04517501533648793,0.06135671415297743,0.09587547130552078,0.024795244433123944,0.03559930689837021,0.05989876124227346,0.04767836066397127,0.054661754207220165,0.07919367742074354,0.05141651748718372,2.8699860446928575e-06,0.06268049521609201,0.012577713840866448,0.02767384043595088,Cereals
170,NA20511,0.07110810719669493,0.020268529858933213,0.04934359925868367,0.06976495565519177,0.036097197677897624,0.06968818363866354,0.02514821662910578,0.045179972979120166,0.061354473620202375,0.09588609615730945,0.02479736133861697,0.03559351584983394,0.059900110279055514,0.04769048966914131,0.05465234832683641,0.07918854131016109,0.051417878695908914,2.869981926288819e-06,0.06266103289214536,0.012579130782923895,0.0276773882016478,Cereals
171,NA20515,0.07110268642195687,0.020269237695573282,0.04933895925274091,0.06977106257986335,0.036095185275798955,0.06969285837793006,0.02514874941436532,0.045179787155426185,0.0613443804541153,0.09588696120712849,0.02480364646821932,0.03560802332063651,0.059887916876825514,0.04768088667780658,0.054658997393432426,0.07919789752666656,0.051421056445497056,2.8698789700291367e-06,0.06265878502238864,0.01258011446512272,0.02766993808953592,Cereals
172,NA20516,0.07109145177723249,0.020270638713102876,0.04934779801110681,0.0697719804267654,0.03609353250965029,0.06969520857548754,0.025153184955587125,0.04518776816335902,0.06134860160431645,0.09589593467935197,0.02478295808400419,0.035600614174810224,0.05989998134515764,0.0476817770889836,0.054661558109833974,0.0791869358703919,0.05141131057442565,2.8699757487049234e-06,0.06266376799116047,0.012576951224762151,0.027675176144761577,Cereals
173,NA20522,0.07107781939242613,0.020276378664600286,0.049338470589923515,0.0697719804267654,0.03609711997933617,0.06969018611792731,0.025147445004089716,0.04517772324823855,0.061351471580065146,0.09589234720966608,0.024801612926370772,0.035604201644496104,0.059910743754215276,0.04767675463142337,0.05465151319471351,0.07919769827944954,0.05141633303198588,2.8699757487049234e-06,0.06266520297903483,0.012577668718699328,0.0276744586508244,Cereals
174,NA20527,0.07110877367195269,0.020273537781132465,0.04933854139013215,0.06977208054885495,0.03609717177833997,0.06968669864780899,0.02514748109042015,0.04518568052245114,0.061351559618809275,0.09589391980415257,0.024783711142266338,0.0356056877261006,0.059882847421825335,0.047684715491720826,0.054661636548619615,0.07918991948271482,0.051425016753507476,2.869979867091232e-06,0.06265237799356838,0.012577686767527326,0.027678085838227846,Cereals
175,NA20528,0.07111599964699222,0.02027068234537793,0.04933642430386795,0.06977141311452591,0.03609361020048976,0.06968818363866354,0.025143911656216347,0.045186430438454314,0.061353756124720805,0.09588896613923574,0.024795208852172252,0.035596385831760224,0.059888630351350364,0.04767829224595458,0.05466526324550471,0.07919499876949525,0.05141070374109319,2.869981926288819e-06,0.0626624678831085,0.012576978296479177,0.027678823192610946,Cereals
176,NA20530,0.07110462175377673,0.020264971461576266,0.049339365087337266,0.06977079573950572,0.03609940196665794,0.06969043613025432,0.025151122702665858,0.04518147280508848,0.061353844166932736,0.09590273617294535,0.02479237444707925,0.035601459387903725,0.05988225882251647,0.047679795656993616,0.054656731731641955,0.07918865494516533,0.05142010496973958,2.8699860446928575e-06,0.0626675802788909,0.012577713840866448,0.02767168794641736,Cereals
177,NA20534,0.0711092424795752,0.02027592768108965,0.0493402431245879,0.06976755865920585,0.036093447201871756,0.06969078851547349,0.025148320635168905,0.045178153369527706,0.061360151703543836,0.09588949691161604,0.024778101998104422,0.03560053983043125,0.05988358202315876,0.04767425925779773,0.0546696695511673,0.0791930668667952,0.05142523413100143,2.8699119152285417e-06,0.06266954901486686,0.012574519056573856,0.027675278076527636,Cereals
178,NA20535,0.07110805617698591,0.020266362831464737,0.049344281349866334,0.06976562309415399,0.036097889273306746,0.06969459109244348,0.025145328605519834,0.04518424553251759,0.06135299460874282,0.09589965976388676,0.024788016112066973,0.03559349031166546,0.05988571740169243,0.047684715491720826,0.054657331578818975,0.07919924691728288,0.05141353683403911,2.869979867091232e-06,0.06265740045833579,0.012580556747394417,0.027678085838227846,Cereals
179,NA20539,0.07110954218765807,0.020269964849896356,0.0493428817632021,0.06976997812356277,0.036097915173379194,0.06969105362058982,0.025151804106513638,0.04518786542941746,0.06135088614279451,0.09588537866182788,0.024791621374764393,0.035597103327241794,0.05990082777453709,0.04768187972336244,0.05465450081328113,0.07918782381467952,0.05140998624561162,2.869981926288819e-06,0.06266605536051637,0.01257769579196075,0.027672365733276794,Cereals
